MovieID,Title,Genre,Director,Release Date,Production Budget,Worldwide Gross,UserRating,UserVotes
1,Optional grid-enabled application,Comedy,Bruce Alexander,2006-09-09,34340314,786872517,2.8,335
2,Polarized tangible open architecture,Drama,Lauren Fleming,2008-03-07,134345545,520603593,3.1,3261
3,Ergonomic multi-state architecture,Drama,Mark Sanchez,2000-06-14,118514344,33307697,4.9,100
4,Multi-lateral bifurcated projection,Thriller,Scott Walton,2003-11-06,2092515,428853814,3.5,3958
5,Customer-focused multimedia alliance,Comedy,Kathleen Garcia,2009-01-21,156702954,718392242,1.7,766
6,Object-based interactive moderator,Thriller,Melissa Rodriguez,2011-09-01,101026937,317660431,1.7,1961
7,Total stable initiative,Horror,Tanya Harris,2018-12-05,19885866,938272825,2.4,1632
8,Progressive 3rdgeneration matrices,Sci-Fi,Steven Ford,2009-08-18,185379427,256548556,1.2,3405
9,Future-proofed needs-based functionalities,Drama,Shannon Howard,2000-11-28,70532988,262953831,3.0,647
10,Cross-platform demand-driven implementation,Romance,Theodore Beltran,2017-03-15,193338728,23340532,1.5,1578
11,Polarized needs-based secured line,Horror,Jeffrey Soto,2001-04-30,144744166,241022668,1.5,3358
12,Multi-lateral homogeneous firmware,Horror,Paul Johnston,2006-04-18,175587123,726684525,3.1,1278
13,Devolved value-added groupware,Romance,Jamie James,2000-12-05,85846348,649448091,4.5,2638
14,Expanded zero tolerance capacity,Thriller,John Miller,2005-11-08,91340955,204872456,3.3,2391
15,De-engineered regional structure,Horror,Erin Reid,2019-05-16,86982694,470080583,2.7,3166
16,Persistent holistic capacity,Drama,Elaine Clark,2016-04-27,90346390,500660007,1.4,1842
17,Distributed didactic process improvement,Fantasy,Stephanie Morgan,2003-11-30,104478886,263364652,1.2,1206
18,Seamless 24/7 capability,Romance,Dana Wright,2012-07-09,158916918,335140861,1.2,2024
19,Distributed discrete standardization,Comedy,Rebecca Dominguez,1999-03-27,21233735,281167239,3.1,1942
20,Organic homogeneous implementation,Romance,Elizabeth Mason,2021-05-26,51918174,665733660,4.9,4737
21,Synergistic coherent circuit,Action,Margaret Hanson,2017-10-22,168581992,25657129,4.0,3678
22,Front-line zero-defect artificial intelligence,Comedy,Todd White,2012-04-28,110068379,483061701,2.0,1416
23,Decentralized global archive,Fantasy,Henry Williams,2008-05-21,60826472,281072307,1.2,3437
24,Multi-channeled fault-tolerant benchmark,Sci-Fi,Emily Patel,2000-07-08,52989018,78450458,4.8,4877
25,Adaptive non-volatile throughput,Romance,Eric Howard,2023-08-21,102972258,681363700,4.4,4196
26,Stand-alone eco-centric firmware,Romance,Laura Martinez,2003-02-09,91333140,563829050,1.6,921
27,Triple-buffered 24/7 system engine,Drama,Joshua Strickland,2015-03-17,21383705,474419541,4.7,2961
28,Advanced coherent access,Romance,Timothy Rodriguez,2016-01-19,194507629,149386416,2.7,3078
29,Public-key stable portal,Horror,Dana Yates,1996-08-16,144268259,258704377,2.1,2871
30,Horizontal discrete superstructure,Thriller,Victoria Ellis,2006-03-20,43056995,271070121,4.1,1345
31,Customer-focused systemic emulation,Fantasy,Jessica Coleman,2015-08-14,176124196,117251029,1.5,3769
32,Front-line demand-driven budgetary management,Comedy,Jesse Adkins,2002-11-08,64088588,799512773,1.6,2532
33,Adaptive solution-oriented portal,Comedy,Joshua Webb,2001-08-24,191802365,359755886,3.3,1345
34,Grass-roots user-facing benchmark,Action,Kelly Black,2020-11-22,98092946,438491283,2.9,4351
35,Inverse static definition,Action,Brian Adkins,2017-07-16,32638177,605280321,3.8,4325
36,Profound stable matrices,Comedy,Ashley Matthews,2018-07-31,182364150,652202965,4.6,4696
37,Implemented mobile project,Horror,Robert Shaffer,2015-11-16,94969258,434020636,2.6,4676
38,Vision-oriented 3rdgeneration emulation,Drama,Mr. James Sanders,2019-10-19,113234141,94484938,3.1,2789
39,Reactive bifurcated flexibility,Sci-Fi,Joe Delgado,2002-10-11,191745678,137650783,2.3,2627
40,Enhanced explicit project,Sci-Fi,Kevin Henry,1995-09-09,61166862,113283523,1.9,2892
41,Customizable mission-critical standardization,Thriller,Kristen Garcia,1996-04-24,94391324,501851068,2.5,421
42,Team-oriented directional access,Action,Peter Davidson,2024-02-01,80510004,106938720,3.8,1066
43,Cloned reciprocal migration,Horror,Angela Cohen,2017-01-17,180572509,9883892,1.5,940
44,Total dedicated implementation,Romance,Jessica Green,1996-10-29,54372243,561011939,1.1,3357
45,Streamlined coherent monitoring,Action,Robert Obrien,2005-08-19,75720859,702131319,2.7,4108
46,Right-sized client-driven encryption,Action,Nicole Stanley,2024-09-17,52027462,731489906,4.3,3584
47,Ameliorated client-server access,Horror,Kimberly Edwards,2012-09-11,2760348,909915888,5.0,3938
48,Decentralized well-modulated structure,Drama,Kenneth Morrison,2013-04-22,193687310,862686966,2.8,4673
49,Synergized homogeneous success,Fantasy,Amanda Nolan,2003-12-23,26528868,858410276,4.7,4934
50,Reduced mobile concept,Romance,Madison Guerrero,2009-11-02,103140483,327023305,1.5,890
51,Down-sized transitional system engine,Horror,James Whitehead,2005-05-02,81003993,729813740,2.0,2471
52,Future-proofed bandwidth-monitored complexity,Action,Joann Jimenez,2017-09-02,69496139,181759105,4.5,4337
53,Visionary fault-tolerant workforce,Horror,Nicholas Simmons,1997-03-25,72588797,63543939,3.8,4487
54,Inverse exuding success,Comedy,Cynthia Tucker,2006-07-25,78618569,376750971,4.4,2986
55,Open-source user-facing forecast,Thriller,Caitlyn Smith,1995-07-08,150689551,477520144,3.3,416
56,Switchable bandwidth-monitored data-warehouse,Horror,Amanda Carr,2008-08-05,108191516,43510060,2.0,295
57,Exclusive dedicated synergy,Sci-Fi,Amber Long,2007-03-05,181054529,79636896,2.1,4948
58,Switchable 3rdgeneration service-desk,Thriller,Juan Palmer,2008-03-14,11631975,770724693,2.9,3970
59,Synergized composite open system,Thriller,Randy Rogers,2009-03-20,95455736,726546300,1.2,4947
60,De-engineered 24/7 focus group,Action,Cynthia Webb,2017-03-10,21138939,925240375,4.0,1478
61,Open-architected impactful emulation,Fantasy,Allen Baker,2001-09-17,7573379,953662058,4.0,468
62,Diverse motivating Local Area Network,Fantasy,Haley Nunez,2022-07-12,9047488,228298287,1.8,3674
63,Down-sized modular Local Area Network,Romance,Nicholas Jacobson,2008-05-07,148778139,644318036,2.5,2066
64,Upgradable grid-enabled superstructure,Sci-Fi,Elizabeth Jackson,2008-07-04,129041493,402255784,3.5,1175
65,Open-source system-worthy model,Horror,Donald Bailey,2019-03-04,99042557,182897267,1.8,2365
66,Sharable bi-directional complexity,Action,Lonnie Cox,2011-10-23,161032240,465242515,3.3,4574
67,Object-based cohesive help-desk,Drama,Christian Hall,2013-03-13,67942433,824587658,1.8,3684
68,Public-key tertiary intranet,Horror,Patrick Byrd,2013-10-14,13208207,922623596,1.7,1137
69,Self-enabling global contingency,Horror,Morgan Allen,2021-07-15,3130089,950764541,2.9,3353
70,Profit-focused uniform data-warehouse,Fantasy,Albert Colon,2001-05-28,114991861,317593368,1.1,1100
71,Fully-configurable scalable concept,Horror,Kelly Hawkins,2007-05-14,109980534,108828017,2.1,1812
72,Assimilated zero-defect intranet,Drama,Dr. Matthew Campbell,2015-09-03,180448724,99699450,4.9,4471
73,Decentralized analyzing alliance,Sci-Fi,Mikayla Cardenas,2000-07-18,90061411,855335230,4.2,1318
74,Re-engineered bottom-line throughput,Fantasy,Mariah Berry,2007-11-30,58788558,5801446,2.2,851
75,Configurable asymmetric conglomeration,Horror,Brittany Rodriguez,2001-08-17,6206903,297107832,1.4,517
76,Secured 4thgeneration migration,Comedy,Kyle Brooks,2002-12-07,146588223,892346322,1.8,2566
77,Exclusive client-server matrix,Sci-Fi,Stephen Vazquez,2008-02-21,198732728,133078657,1.0,3914
78,Down-sized encompassing functionalities,Sci-Fi,Sara Duran,2019-09-11,167217071,513239573,2.8,3051
79,Right-sized grid-enabled toolset,Drama,Susan Boyd,2018-05-28,96781392,298280215,4.4,2173
80,Sharable zero tolerance capability,Romance,Gregory Young,2016-04-30,118682579,163540901,2.0,1016
81,Integrated systemic website,Drama,Sheila Rodriguez,1998-10-28,71585889,680152761,3.2,2267
82,Adaptive fault-tolerant methodology,Fantasy,Thomas Baker,2007-02-27,22743940,637633506,2.3,1930
83,Object-based systematic pricing structure,Horror,Hunter Oconnell,1995-03-07,131445969,712738865,4.6,2954
84,Reactive logistical encryption,Sci-Fi,Johnny Romero,2001-01-21,160814581,148534423,1.5,2715
85,Monitored composite challenge,Horror,Amber Joseph,2000-09-27,27511337,165391035,1.3,1512
86,Synergistic composite project,Comedy,Clinton Case,2001-04-13,73684245,854827116,3.5,2204
87,Diverse intermediate initiative,Comedy,Richard Anderson,2015-10-07,180269424,811590565,1.2,3379
88,Object-based empowering encoding,Romance,Brittany White,2003-02-26,179462775,837726868,3.6,1303
89,Triple-buffered heuristic flexibility,Action,Albert Rodriguez,2008-03-05,156386112,757570099,1.1,4675
90,Devolved radical workforce,Drama,Christine Walker,2015-04-11,138597184,201916206,1.9,3160
91,Total responsive synergy,Romance,Allen Avery,2010-09-10,180731969,231084533,2.1,3262
92,User-centric asynchronous moderator,Horror,Jonathan Phillips,2008-01-28,23658749,305303369,1.9,3165
93,Configurable national instruction set,Drama,Jennifer Hunt,2012-10-10,10219517,813491244,1.8,4840
94,Versatile background collaboration,Drama,Eric Wolfe,2009-10-14,118720454,605312870,2.5,117
95,Down-sized scalable solution,Romance,Brian Romero,2022-12-20,162655760,326591100,4.7,3620
96,Multi-layered encompassing Graphical User Interface,Romance,John Patel,2013-05-20,84587801,917043260,4.0,4564
97,Focused neutral policy,Horror,Lori Thompson,1998-12-14,107396723,524477019,4.5,1735
98,Pre-emptive even-keeled Graphic Interface,Drama,Tasha Lutz,2016-10-23,86707347,747597212,1.0,2327
99,Focused multi-tasking function,Fantasy,Timothy Middleton,2023-05-18,93654957,178848827,4.4,4005
100,Cross-platform incremental portal,Fantasy,Ebony Cross,2012-02-10,163766290,6649591,2.6,1726
101,Customizable transitional encoding,Thriller,Jessica Collins,2001-09-21,125965153,359800606,4.7,2241
102,Cross-platform global firmware,Fantasy,Russell Gallagher,2020-09-19,130428425,237579413,3.1,3258
103,Ergonomic actuating interface,Comedy,Anthony Smith,2020-12-04,142844301,978528660,4.7,1863
104,Multi-lateral zero-defect archive,Drama,Rebecca Kidd,2015-04-06,7931996,777866505,2.5,2222
105,Realigned logistical hierarchy,Thriller,Joseph White,2023-04-12,148074149,361570820,4.9,4121
106,Phased client-server attitude,Horror,Anthony Hines,2022-04-01,19768368,2619489,4.9,3456
107,Public-key zero tolerance database,Drama,Mrs. Rebecca Hayes,2022-02-09,65662416,319641963,3.4,3908
108,Secured logistical support,Action,Sandra Mann,2023-01-25,120211236,48657600,1.5,375
109,Virtual 6thgeneration process improvement,Fantasy,Leslie Gonzalez,2024-01-30,181510783,141899251,4.6,3462
110,Optimized scalable knowledgebase,Action,Alexander Wood,2000-01-29,156350350,505568008,2.1,1443
111,Operative leadingedge conglomeration,Comedy,Mr. Evan Marshall,2016-07-10,97840241,997092939,1.3,1396
112,Self-enabling intangible knowledge user,Fantasy,Amanda Perry,2012-11-10,107885194,285549108,4.2,3152
113,Organized multi-tasking flexibility,Horror,Andrew Gibbs,2016-04-23,189869943,865025074,4.5,1797
114,Front-line reciprocal projection,Romance,Fred Paul,2020-12-14,78703831,297096228,3.1,2724
115,Cross-platform analyzing database,Comedy,Katrina Higgins,2001-11-07,151339852,733203476,4.0,1584
116,Inverse static implementation,Comedy,Teresa Williams,2005-09-06,82125224,364892722,2.8,3778
117,Digitized logistical challenge,Fantasy,Chase Jones,2016-04-26,107976902,758666313,3.5,1393
118,Profound tangible model,Comedy,Jessica Flynn,1999-09-16,90199283,392158950,1.9,3393
119,Adaptive empowering ability,Romance,Diane Williams,2016-03-01,94435460,200907485,4.5,1402
120,Persevering responsive initiative,Comedy,Emma Jones,2002-09-22,31591462,65067759,1.9,1940
121,Assimilated uniform Internet solution,Thriller,Jason Heath,2001-07-12,61964572,410118902,2.9,4064
122,Persistent composite encryption,Action,Karen Alexander,2022-05-05,151581060,298240815,3.7,3884
123,Inverse motivating infrastructure,Comedy,Melinda Brown,2021-05-17,170479210,203819239,4.5,264
124,Optional systematic Internet solution,Fantasy,Jorge Lindsey,2024-05-18,143147188,6169935,3.7,3924
125,Front-line tangible groupware,Horror,Debbie Shepherd,2004-12-13,83171050,175952917,2.2,1638
126,Diverse 24/7 open system,Drama,Leslie Charles,1996-07-30,70422715,835842964,3.4,368
127,Streamlined executive superstructure,Thriller,Matthew Browning,2017-10-17,39876813,341256904,4.0,2610
128,Configurable bi-directional help-desk,Sci-Fi,James Cole,2013-12-16,194367001,665862507,2.6,4317
129,Public-key multimedia benchmark,Drama,Jared Barton,2002-04-24,122744151,821708468,4.8,1675
130,Monitored client-server knowledgebase,Romance,Kim Zavala,2012-07-31,73662116,816264439,3.3,795
131,Assimilated scalable structure,Thriller,Jennifer Vazquez,2013-05-11,98002624,560327869,2.7,1467
132,Up-sized scalable infrastructure,Fantasy,Andrew Harding,1995-12-28,75892308,288442134,2.0,2792
133,Pre-emptive object-oriented function,Sci-Fi,Nicole Stone,2015-02-22,167102411,604735820,2.9,619
134,Phased modular strategy,Thriller,Robin Daniel,1999-04-23,150106715,29988103,2.3,2473
135,Reduced motivating Internet solution,Thriller,Amanda Brooks,2018-02-13,112847762,760691211,4.3,1882
136,Persevering 5thgeneration model,Fantasy,Sarah Wheeler,2007-06-13,57054943,535650099,3.9,404
137,Face-to-face 6thgeneration protocol,Sci-Fi,Elizabeth Smith,2004-09-11,186543614,510820184,3.8,4230
138,Phased client-driven emulation,Fantasy,Matthew Boyd,2016-04-02,51126904,239732685,3.2,2247
139,Profound actuating standardization,Sci-Fi,David Olson,2002-06-14,133174093,943498199,2.2,1568
140,User-centric impactful parallelism,Sci-Fi,Andrew Rodriguez Jr.,1999-01-15,141287528,898895687,3.5,3695
141,Cross-platform bottom-line open architecture,Romance,Paula Huber,2007-09-19,146601605,920767023,1.5,3525
142,Self-enabling upward-trending toolset,Comedy,Brandon Cantu,1996-12-10,170029651,115564960,1.3,2339
143,Diverse next generation contingency,Fantasy,Dana Campbell,2007-02-15,65367968,197398998,1.4,801
144,Team-oriented client-server benchmark,Fantasy,Rachel Johnson DVM,2009-07-03,64169222,111252134,2.5,2538
145,Innovative stable approach,Fantasy,Jason Booker,2007-02-14,180159593,662360114,1.5,207
146,Sharable secondary algorithm,Action,Michael Hernandez,2009-05-15,90473284,511154858,4.0,3256
147,Triple-buffered coherent strategy,Comedy,Billy Kaufman,2018-05-04,161650307,757916412,5.0,2452
148,Right-sized analyzing Local Area Network,Romance,Miguel Long,2023-01-09,33724108,225023203,4.7,116
149,Secured contextually-based concept,Sci-Fi,Derek Santiago,1997-05-31,15006837,999185868,3.9,348
150,Centralized encompassing customer loyalty,Action,Jason Moore,1994-11-24,65303747,161787712,4.7,4111
151,Cross-group content-based ability,Thriller,Keith Burgess,2010-08-10,100931821,621650864,2.6,558
152,Phased cohesive budgetary management,Action,Michelle Acevedo,1994-11-29,102414662,503781470,1.6,2432
153,Triple-buffered solution-oriented standardization,Fantasy,Lee Briggs,2006-08-20,132693410,331890663,3.9,2437
154,Down-sized high-level interface,Horror,Terry Butler,2002-01-02,182025993,515347133,2.1,4440
155,Fully-configurable optimizing core,Sci-Fi,Katherine Miles,2013-08-28,114426258,998700287,3.2,4997
156,Visionary tertiary architecture,Sci-Fi,Francisco Hubbard,2022-02-11,60488189,166676668,4.2,4075
157,Enterprise-wide cohesive task-force,Drama,Carol Green,2007-03-25,31454835,702997305,1.9,4197
158,Persevering contextually-based encryption,Horror,David Andersen,2016-11-10,186745247,792934851,5.0,2426
159,Stand-alone neutral monitoring,Drama,Jenna Dennis,2007-03-27,163623648,888477812,3.2,1964
160,Synergistic maximized circuit,Drama,Carl Baker,2014-02-12,132708927,958298433,2.9,3507
161,Quality-focused contextually-based neural-net,Fantasy,David Mcdowell,2013-08-28,94110367,991927501,4.7,1753
162,Sharable incremental conglomeration,Action,Rhonda Patel,1998-11-16,156073791,271024624,2.7,4399
163,Optimized background moderator,Comedy,Rachel Campbell DVM,2008-06-14,159229377,765228204,1.3,1589
164,Programmable multi-state utilization,Thriller,Michael Reese,1998-09-27,10796126,751620665,1.7,540
165,Pre-emptive static firmware,Romance,Sara Bailey,2013-01-19,197839923,35923855,3.2,3868
166,Networked foreground methodology,Fantasy,Angela Cantrell,2020-06-11,8294972,698675031,1.6,3898
167,Customizable multimedia task-force,Thriller,Mary Carter,2013-08-26,111403707,671467041,1.3,3884
168,Triple-buffered executive groupware,Fantasy,Francis Robbins,1997-05-13,51560234,474292436,2.2,3088
169,Object-based bifurcated Internet solution,Fantasy,Jesse Dixon,2002-07-18,87276326,78020806,4.6,3775
170,Multi-lateral real-time focus group,Horror,Mr. Mario Alexander,2024-08-21,31700978,120319535,1.1,4165
171,Configurable eco-centric Graphical User Interface,Horror,Todd Leon,2008-07-17,63321342,848175987,4.1,2317
172,Persistent well-modulated moratorium,Action,Jose Wyatt Jr.,2022-06-18,92168468,598478731,2.1,3992
173,Customizable static encoding,Comedy,Katie Brooks,2008-10-07,26394762,580815450,2.2,3717
174,Re-contextualized mobile matrix,Comedy,Heather Robinson,2016-11-16,59101051,45784517,2.8,3505
175,Grass-roots regional benchmark,Drama,Robert Moore,2011-10-23,73894027,634647144,4.1,3104
176,Customer-focused analyzing infrastructure,Fantasy,Adam Dixon,1999-09-16,26473050,680971492,1.7,766
177,Distributed heuristic protocol,Horror,Dr. Amber Smith,2008-12-29,42169582,710243275,1.3,620
178,Fundamental heuristic forecast,Horror,Tamara Morris,2009-03-03,154363745,542787596,4.2,3517
179,Customizable grid-enabled Local Area Network,Drama,Ronald Hernandez,2019-09-10,163263661,325626686,2.2,667
180,Distributed modular structure,Thriller,Cheryl Miller,2009-12-13,98297414,411500074,4.2,1749
181,Operative actuating circuit,Romance,Rebecca Fletcher,2003-11-19,190394166,599072456,2.4,891
182,Fundamental upward-trending product,Romance,Laura Wong,2007-06-09,121675171,728267817,3.6,4593
183,Open-source global flexibility,Sci-Fi,Jessica Gardner,2010-10-02,176352446,800284390,4.4,2379
184,Multi-layered coherent task-force,Action,John Thompson,2021-06-10,77400509,589328460,1.2,473
185,Horizontal logistical moratorium,Drama,Dr. Denise Chan,1998-11-16,120190483,935824952,1.3,3939
186,Ameliorated 3rdgeneration extranet,Action,Tiffany Doyle,2021-11-01,150025213,779110791,4.0,4699
187,Robust exuding policy,Horror,Chelsea Martinez,2020-06-02,109970526,432249486,1.1,4325
188,Proactive user-facing conglomeration,Action,Erica Adkins,2018-03-05,170402389,152088081,2.3,3870
189,Visionary radical strategy,Drama,Kathryn Wood,2022-03-11,44710179,462119741,3.7,263
190,Organic didactic approach,Comedy,Shannon Cochran,1999-06-19,13622849,704848543,4.6,2932
191,Persistent intangible migration,Action,Ashley Stokes,2012-02-24,84571115,983503435,3.0,622
192,Quality-focused heuristic instruction set,Comedy,Nancy Peterson,2007-03-06,146551861,635383389,5.0,2887
193,Robust foreground instruction set,Romance,Christine Bird,2000-03-03,14031445,350518324,3.5,3363
194,Secured bottom-line knowledge user,Romance,Alexander Ingram,2013-06-17,118897945,559141810,4.7,502
195,Customizable secondary monitoring,Fantasy,Nancy Griffin,1994-10-23,73796275,513070655,3.9,2332
196,Balanced disintermediate Internet solution,Romance,Alicia Guzman,1997-09-26,20689634,359388016,1.4,285
197,Visionary mission-critical installation,Romance,Donna Rodriguez,2009-03-06,27197126,214632044,1.4,427
198,Profound coherent synergy,Fantasy,Dr. Eric Meyer Jr.,2018-08-08,45758704,265877097,4.4,519
199,Inverse reciprocal conglomeration,Drama,John Wood,1996-04-27,9586662,293311571,2.9,4019
200,Grass-roots attitude-oriented knowledge user,Horror,Andrea Aguirre,2001-08-03,159576153,185217339,3.9,2204
201,Horizontal user-facing concept,Sci-Fi,John Hall,2009-02-13,148518646,803093193,3.9,1284
202,Focused attitude-oriented contingency,Sci-Fi,James Thompson,2019-09-20,146518978,74327083,3.4,3740
203,Digitized real-time throughput,Horror,Jeremy Gonzalez,2005-07-12,108165098,221634511,2.8,2449
204,Customizable 24/7 paradigm,Action,Jonathan Hall,2004-05-11,187679069,2002365,2.1,2627
205,Switchable regional Local Area Network,Thriller,Raymond Wright,2004-06-18,123546242,936881410,4.1,2000
206,Operative optimizing conglomeration,Sci-Fi,Nathan Wilkinson,2013-12-25,73708886,126305260,2.8,3830
207,Multi-tiered bottom-line circuit,Fantasy,Angela Mcintyre,1999-12-11,33595086,79869330,1.3,715
208,Integrated discrete algorithm,Sci-Fi,Shirley Gilbert,2004-01-01,40864934,108956458,3.3,2277
209,Expanded 3rdgeneration utilization,Horror,Patrick Jones,2011-03-21,143872627,783631050,3.3,2354
210,Right-sized object-oriented service-desk,Horror,Sarah Carter MD,2000-10-13,73252744,244379375,4.5,4864
211,Pre-emptive uniform model,Drama,Mr. Thomas Love,2015-03-12,99048859,761674890,2.6,663
212,Implemented reciprocal paradigm,Drama,Valerie Lewis,2007-10-15,164370925,752169511,4.5,4983
213,Profound mobile leverage,Action,Nicole Morales,2018-01-04,67160650,48845886,2.3,847
214,Fully-configurable client-server intranet,Thriller,William Moore,2023-04-10,90588618,372472240,2.0,1495
215,Digitized dynamic open architecture,Comedy,Christopher Fritz,2002-05-23,48663991,240507476,3.6,3368
216,Team-oriented context-sensitive conglomeration,Comedy,Carlos Miller,2020-07-27,189424530,71009914,3.1,2936
217,Configurable fault-tolerant Graphical User Interface,Drama,Roger Clark MD,2000-12-21,70414599,58543261,1.9,4821
218,Object-based 3rdgeneration framework,Horror,David Meyer,2010-11-02,128025164,467378094,3.3,932
219,Seamless full-range portal,Romance,Alexandra White,2020-12-10,145695085,484369933,2.5,4588
220,Multi-layered radical task-force,Horror,Dr. Anthony Ellis MD,2005-06-06,144466056,113706421,3.4,817
221,Proactive uniform workforce,Action,Matthew Cole,2021-05-13,130237751,532136274,3.6,1683
222,Future-proofed dynamic website,Thriller,Jo Robinson,2023-05-11,94054528,936606534,1.9,3445
223,Public-key multi-state Graphical User Interface,Sci-Fi,Lindsey Price,2006-12-13,107338714,233694175,3.9,2199
224,Integrated multi-state service-desk,Drama,James Jackson,1999-05-14,81522511,205378479,3.4,4443
225,Expanded bifurcated software,Sci-Fi,Mrs. Sharon Thomas,2016-02-16,150001206,573994974,3.4,4475
226,Streamlined demand-driven secured line,Fantasy,Matthew Owens,2021-04-10,194529785,806240890,1.0,3226
227,Intuitive secondary knowledge user,Action,Sydney Smith,2015-03-06,196644844,720333534,3.3,3322
228,Fully-configurable mobile hierarchy,Romance,Jennifer Miles,2002-09-18,101272288,253866676,2.7,3049
229,Upgradable grid-enabled model,Horror,Spencer Miller,2001-04-03,179746456,978311221,1.8,1716
230,Object-based methodical knowledgebase,Thriller,Curtis Richard,2009-06-03,84462414,119065139,3.8,762
231,Multi-channeled zero tolerance capacity,Fantasy,Nicole Edwards,2006-04-14,184389138,718746110,1.7,1018
232,Ameliorated fresh-thinking secured line,Horror,Ashley Simmons,2008-08-24,29424663,354621380,2.4,2636
233,Programmable heuristic framework,Romance,Sarah Parker,2017-07-28,97116005,813221941,3.5,4670
234,Compatible radical leverage,Horror,Gregory Ramos,2021-10-17,9010964,105931533,3.6,1632
235,Visionary 24/7 Graphical User Interface,Drama,Kevin Tucker,2018-06-10,67500923,983425860,1.4,3010
236,Multi-lateral secondary toolset,Horror,Angela Evans,2014-03-05,41262942,179841320,3.3,2336
237,Automated clear-thinking matrix,Comedy,Janet Knight,2007-06-09,148367901,112356107,4.8,3938
238,Automated disintermediate solution,Romance,Mandy Brown,2002-06-19,50678051,31609684,4.3,4550
239,Robust contextually-based matrices,Fantasy,Susan Jackson,1999-07-10,88079144,431062218,4.2,540
240,Implemented 4thgeneration database,Drama,Patricia Henderson,2019-08-05,13609622,224234079,2.4,1439
241,Enterprise-wide zero tolerance core,Horror,Ruth Greene MD,2011-12-14,166723698,641541733,4.9,624
242,Operative zero administration product,Action,Lori Murray,2018-11-03,99799360,284276136,3.1,4147
243,Team-oriented incremental intranet,Fantasy,Kelly Brown,2009-08-20,17210309,715158509,3.9,2959
244,Organic attitude-oriented encoding,Thriller,Jacqueline Cook,2021-05-26,85609199,683439841,1.5,1322
245,Profound tangible conglomeration,Sci-Fi,Sandra Kim,2018-01-08,161410163,785471747,4.6,1114
246,Switchable well-modulated synergy,Thriller,Christopher Cervantes,1996-07-06,6555714,676964055,1.8,3205
247,Persevering radical system engine,Fantasy,Benjamin Cabrera,1999-07-01,44821067,586497153,3.0,3021
248,Adaptive analyzing hierarchy,Thriller,Michael Day,2016-04-25,15841707,653878316,3.1,490
249,Up-sized solution-oriented extranet,Thriller,Virginia Fox,2013-10-23,42190181,610819000,3.3,1036
250,Persistent homogeneous software,Action,Frederick Serrano MD,2020-12-20,149405290,712534141,3.7,1797
251,Automated explicit data-warehouse,Sci-Fi,Denise Smith,2011-09-02,4397413,841699654,1.3,2879
252,Profound user-facing framework,Thriller,Gina Houston,2015-08-20,20749871,924121388,4.6,2132
253,Future-proofed demand-driven array,Sci-Fi,Joshua Bryant,2007-10-01,21420726,537883928,1.4,3930
254,Exclusive dedicated website,Sci-Fi,Laura Castillo,2020-01-30,160268106,331168581,2.5,2616
255,Public-key system-worthy software,Romance,Brian Bryant,2016-10-24,21644298,870630265,1.1,1823
256,Streamlined regional forecast,Action,Sydney Beasley,2010-06-20,123716127,276995564,4.5,494
257,Total stable encoding,Thriller,Edwin Strong,2002-09-12,165897661,172208074,1.6,3813
258,Profound tangible open system,Romance,Jeffrey Brown,2009-09-29,171913461,36824155,1.4,1421
259,Virtual non-volatile knowledge user,Thriller,David Campbell,1997-05-13,134696615,321705226,3.9,1096
260,Ergonomic 6thgeneration process improvement,Thriller,Russell Lopez,1999-08-13,98656862,357027423,1.4,4832
261,Virtual heuristic capacity,Fantasy,Christopher Lynch,2023-05-13,12610615,324018837,3.4,846
262,Streamlined bottom-line function,Drama,Teresa Williams,2014-03-17,67880561,814270542,1.3,928
263,Advanced local model,Horror,Kevin Hill,1999-06-10,75795667,551668613,2.9,4582
264,Multi-layered neutral Graphic Interface,Sci-Fi,Aimee Smith,1998-11-15,57670165,755835056,1.8,2970
265,Multi-channeled logistical infrastructure,Horror,Alfred Rojas,2003-09-03,82601492,793995318,1.3,3329
266,Proactive dynamic complexity,Comedy,Dawn Mendez,2003-06-07,185797996,266675277,1.6,4867
267,Phased high-level time-frame,Thriller,Richard Edwards,1996-09-16,52972564,993939037,1.2,1443
268,Realigned dedicated flexibility,Sci-Fi,Robert Villarreal,2004-03-18,181281882,928472887,1.2,2026
269,Profound fresh-thinking moderator,Comedy,Elizabeth Kidd,2014-08-28,23269583,619735652,4.8,306
270,Ameliorated secondary task-force,Drama,Crystal Campbell,2018-10-15,181554146,894699825,1.7,2758
271,Reverse-engineered demand-driven data-warehouse,Drama,Brandon James,2002-11-08,34660397,401638767,1.2,4290
272,Fully-configurable human-resource standardization,Drama,Barbara Gillespie,2007-07-26,131857396,743771266,3.1,3147
273,Polarized bandwidth-monitored conglomeration,Fantasy,Veronica Villarreal,2006-03-05,148351793,635773629,3.7,1378
274,Adaptive optimal alliance,Drama,James Gray,2011-06-21,61061155,616641855,1.4,4940
275,Triple-buffered client-server Internet solution,Drama,Briana Walter,2022-03-02,176561724,483778992,4.5,4937
276,Customizable regional paradigm,Horror,William Kline,2018-02-19,32440624,271631073,2.4,1487
277,Customizable leadingedge info-mediaries,Comedy,Whitney Kane,2020-08-18,1291883,887057175,1.1,2023
278,Expanded static concept,Thriller,Audrey Munoz,2015-03-04,52663571,212207798,2.5,2092
279,Object-based high-level groupware,Fantasy,Amanda Williams,2020-12-02,62454058,361593818,2.7,3761
280,Multi-layered fresh-thinking analyzer,Drama,Elizabeth Brooks,1998-06-25,22728927,79499458,4.4,4584
281,Switchable value-added intranet,Horror,Shannon Floyd,1996-01-30,99594204,44565937,3.9,3613
282,Re-contextualized eco-centric approach,Comedy,Raymond Garrett,2017-11-10,148071034,159169767,1.9,1107
283,Assimilated executive pricing structure,Sci-Fi,Eileen Stewart,1995-07-05,107556608,594997774,4.9,2410
284,Exclusive analyzing attitude,Sci-Fi,Michael Thompson,1994-09-19,39956571,933936179,4.2,4112
285,Business-focused 24/7 Graphical User Interface,Fantasy,Stephanie Gonzalez,2014-12-09,158588880,988333691,4.9,1638
286,Reactive logistical moratorium,Horror,David Hernandez,2022-04-14,2007761,40808280,3.7,3949
287,Synergized optimal workforce,Fantasy,Caitlyn Reid,2004-07-08,106580766,227980205,2.3,2904
288,Progressive content-based open architecture,Drama,Amy Roth,1995-04-08,152912774,552565940,4.5,1348
289,Face-to-face real-time hardware,Romance,Diane Harris,2002-04-24,51084074,134465274,1.8,1818
290,Persistent solution-oriented migration,Romance,Donald Russell,2012-08-25,30038921,538754075,5.0,3303
291,Advanced local pricing structure,Romance,Ann Pollard,2019-04-18,60941138,177053346,3.0,2434
292,Assimilated impactful challenge,Action,Andrea Horne,2014-04-03,96184985,366450785,4.7,956
293,Multi-layered composite extranet,Horror,Joseph Duffy,2007-05-20,174660175,82654196,4.7,4449
294,Stand-alone exuding database,Drama,Brenda Russell,2012-04-20,15570345,607064698,3.8,4398
295,Seamless didactic function,Romance,Paul Carroll,2012-08-20,133173914,192546850,4.0,2936
296,Programmable zero-defect application,Sci-Fi,Michael Gilbert,2016-10-13,198205098,398324512,1.6,2459
297,De-engineered global application,Drama,Justin Smith,2008-08-16,191535829,708926617,5.0,3267
298,Virtual fault-tolerant help-desk,Drama,Nicole Mendoza,1996-07-25,182286785,670208184,4.7,4325
299,Cross-platform hybrid contingency,Horror,Amanda Phillips,1999-12-11,115263453,820417008,1.3,668
300,Realigned asymmetric matrix,Sci-Fi,Walter Dean,2010-11-05,193489414,504526311,1.9,2530
